order,id,name,name_change_note,action,year,tier,suggested_image_filename,current_image_path,summary,domains,stack,connections,notes
1,tebr,TEBR,,keep,2024–26,lead,tebr-violin-waveform.jpg,images/atlas/tebr-violin-waveform.webp,"TEBR is Haig's solo electronic alias and research persona — violin, voice, and generative AI in collision. Born from the Localization Gap experiments, it routes machine failure and cultural residue into deliberate compositional territory. Not a correction of the algorithm. An argument with it.",sound|code|systems,Ableton|AI Generation|Sound Design|Python,427-ai-tracks-archive|space-time-tuning-machine|localization-gap,"Image suggestion: close-up of a violin string intersecting a waveform visualization, black bg. Or a still from a TEBR performance, high contrast."
2,mashrou-leila,MASHROU' LEILA,,keep,2008–22,lead,mashrou-leila-baalbeck-roman-ruins.jpg,images/atlas/mashrou-leila-baalbeck-roman-ruins.webp,"14 years. 40+ countries. 500M+ streams. The first Middle Eastern act on the Rolling Stone cover — and one of the most systematically banned bands in MENA history. Sound as political infrastructure: a counter-public built from music, protest, and architectural thinking across six albums, 35,000-person stadiums, and censorship orders that only expanded the audience.",sound|image|space|systems,Live Performance|Music Production|Ableton|Cultural Systems,rolling-stone-cover|ibn-el-leil-album|cost-of-being-queer-and-arab|stage-architecture,"Use the Baalbeck Roman ruins image — the most iconic spatial image of the band. Roman amphitheater as stage, crowd visible."
3,fictive-environments,FICTIVE ENVIRONMENTS,,keep,2025–26,lead,fictive-environments-studio-identity.jpg,images/atlas/fictive-environments-studio-identity.webp,"The studio identity and operating system for Haig's current NYC practice. Not a brand — a conceptual frame: the built environment as fiction, and fiction as a design method. Parent node for MEKENA, Lede.nyc, and every speculative infrastructure project currently in production. The name itself is the thesis.",space|code|text,Cultural Strategy|Spatial Design|Systems Architecture,mekena-nyc|lede-nyc|new-york-voices|people-like-us-podcast|systems-choreography,"Image: the Walaw Studio mark (و) on black, or an architectural rendering of MEKENA — something that reads as a studio rather than a project."
4,mekena-nyc,MEKENA NYC,,keep,2025–26,lead,mekena-nyc-queens-exterior.jpg,images/atlas/mekena-nyc-building-schematic-queens.webp,"Adaptive reuse of a 1920s building in Queens into an artist residency — the spatial argument made literal. The same systems thinking that drives the software and performance work, operating at the scale of an actual building. A Westbeth Safe Haven partner. Built for the musicians, writers, and builders who don't have a room yet.",space|systems,Architecture|Adaptive Reuse|Cultural Infrastructure,fictive-environments|menara|architectures-of-belonging,"Keep the current image if it shows the building exterior clearly. Otherwise: warm interior shot, exposed brick or industrial bones visible."
5,sometimes-i-wake-up-elsewhere,SOMETIMES I WAKE UP ELSEWHERE,,keep,2025–26,lead,siwue-manuscript-fragment.jpg,images/atlas/siwue-algorithmic-displacement-audit.webp,"~28,000 words of autofiction. 62 entries. No named sections — sequencing does the structural work. Surrealism arrives through physical detail, not announced conceits. Beau and Griffin are literal anchors. The ending stops in ordinary presence rather than resolving. Literary logic translated into software architecture without losing emotional force: a dream cycle that doubles as a structural diagram of exile and desire.",text|code|systems,Autofiction|Literary Form|Structural Design,cartography-of-absence|the-labyrinth|nowhere-elsewhere,"Image: a handwritten or typed manuscript fragment, partially obscured — or a dark room with a single light source. Avoid the Möbius image — too abstract. This is a literary work."
6,localization-gap,THE LOCALIZATION GAP,,keep,2024,lead,localization-gap-maqam-spectrogram.jpg,images/atlas/localization-gap-ai-track-rejection-log.webp,"Forensic audit of cultural and linguistic bias in AI music systems. 427+ tracks generated and annotated via Python API pipelines, red-teaming Suno, Udio, and MusicLM for Arabic maqam erasure, microtonal collapse, and non-Western harmonic resolution failure. Not a complaint. An evidentiary record. The intellectual spine of Walaw Studio's AI research positioning.",code|systems|sound,Python|API Pipelines|Music Analysis|AI/ML,hah-was|frank|427-ai-tracks-archive|maqamai,"Image: a spectrogram of an Arabic maqam melody, or a Python data visualization of generated tracks annotated by tuning deviation. Black bg, data-forward."
7,cost-of-being-queer-and-arab,THE COST OF BEING QUEER AND ARAB,,keep,2020,lead,cost-of-being-queer-arab-nyt.jpg,images/atlas/cost-of-being-queer-arab-nyt.webp,"Published in The New York Times. On the intersection of queerness, Arabness, and the geography of shame — written in the year the band played its last concert. Press node for the public argument that had been building for twelve years: once visibility, censorship, and personal risk became impossible to separate, the essay was the form it took.",text|image|systems,Essay|The New York Times|Advocacy,mashrou-leila|artistic-freedom-initiative,"Current image works. If replacing: the NYT op-ed page rendered large, or a detail of the article headline on black."
8,cartography-of-absence,THE CARTOGRAPHY OF ABSENCE,,keep,2024,lead,cartography-of-absence-bureaucratic-form.jpg,images/atlas/cartography-of-absence-data-void-trace.webp,"Autofiction structured as administrative forms — nine Houses, each a different bureaucratic document (visa application, medical intake, census record) filled with impossible answers about memory, displacement, and longing. The form asks for a birthplace; it has no field for a neighborhood that no longer exists. One of the cleanest textual statements of the practice's method: structural form carrying the emotional and political argument.",text|systems,Autofiction|Bureaucratic Form|Literary Structure,sometimes-i-wake-up-elsewhere|bureaucratic-surrealism|walaw-manifesto,"Image: a bureaucratic form (visa, census, customs) with handwritten or typed answers that are poetic and impossible — ink bleeding at edges, stark contrast."
9,crane-song,THE CRANE SONG,,keep,2020,lead,crane-song-sarkis-ai-bird.jpg,images/atlas/crane-song-sarkis-ai-bird.webp,"~10,000-word literary fiction. An Armenian-Lebanese exile in Brooklyn encounters a broken AI bird from a virtual reconstruction of Beirut. Character: Sarkis Melkonian. Bureaucratic and clinical language used as literary texture, not parody. Memory, machine learning, and the birds that carry the dead home. The story that holds the Localization Gap thesis and the autofiction practice together at their emotional center.",text|sound,Literary Fiction|Autofiction,variations-on-cranes|nowhere-elsewhere|cartography-of-absence,"Image: a crane (bird) silhouette against urban light, or a pixelated/glitched rendering of a Beirut roofscape. Something that holds both the natural and the computational."
10,427-ai-tracks-archive,427 AI TRACKS ARCHIVE,,keep,2024,lead,427-tracks-notion-taxonomy.jpg,images/atlas/localization-gap-427-tracks-archive-metadata.webp,"401+ AI-generated tracks catalogued in a Notion/Excel taxonomy covering emotional arc, arousal, motifs, themes, and valence — built to map what the models could and couldn't generate. The research body beneath the Localization Gap. Systematic world-building through generative music, treating the archive itself as compositional output.",sound|code,Suno|Udio|Notion API|Python|Music Analysis,tebr|localization-gap|maqamai|archive-of-unwritten-songs,"Image: a screenshot of the Notion database with tracks visible, or a grid of waveform thumbnails. Dense, taxonomic, research-forward."
11,meaning-stack,THE MEANING STACK,,keep,2025,lead,meaning-stack-github-constellation.jpg,images/atlas/meaning-stack-github-constellation.webp,"Seven federated GitHub repositories architected as a single cross-disciplinary system: choreography-of-systems, 3D-Beat-Synth, STORYLINES, music-engines, DERIVE, HAH-WAS, photon+. Authorship language (choreography, score, atlas) replaces engineering language (pipeline, framework, engine). The technical framework that proves the practice is architecture all the way down.",code|systems,GitHub|Systems Architecture|Documentation,systems-choreography|telescode|codeverse-explorer,"Image: the GitHub network graph for the Meaning Stack repos, or a constellation diagram of the seven repos with connecting lines. Black bg."
12,systems-choreography,SYSTEMS CHOREOGRAPHY,,keep,2024,lead,systems-choreography-diagram.jpg,images/atlas/systems-choreography-diagram.webp,"Core methodology: treating sound, text, image, code, space, and systems as one interconnected inquiry rather than separate disciplines. The diagonal move — working across fields at angles, finding connective tissue rather than specializing vertically or generalizing horizontally. The invisible architecture behind the entire practice.",code|space|systems,Systems Theory|Practice Architecture|Interdisciplinary Research,meaning-stack|fictive-environments|choreography-of-systems,"Image: a Mark Lombardi-style hand-drawn diagram connecting nodes labeled with the six domains — stark, architectural, on paper or black ground."
13,rolling-stone-cover,ROLLING STONE MIDDLE EAST COVER,,keep,2017,lead,rolling-stone-mena-cover-mashrou.jpg,images/atlas/rolling-stone-mena-cover-mashrou.webp,The first Middle Eastern act on the cover of Rolling Stone — a cultural milestone that formalized Mashrou' Leila's crossover into the broader regional and international media imaginary. The image that made the argument legible to an audience that hadn't been paying attention.,image|systems,Media|Photography|Cultural Documentation,mashrou-leila|cost-of-being-queer-and-arab,Current image is correct — the Rolling Stone cover itself. Keep it.
14,lede-nyc,LEDE.NYC,,keep,2026,lead,lede-nyc-civic-intelligence-ui.jpg,images/atlas/lede-nyc-civic-intelligence-ui.webp,"Autonomous civic intelligence platform for New York City. BigQuery backend, hybrid LLM orchestration, zero human editorial intervention. Neighborhood briefings synthesized from municipal datasets. The missing middle between social panic (Nextdoor, Citizen) and static real estate portals (StreetEasy). Features: Lease Due Diligence Engine, Scaffold Duration Forecasting, Block Mood Forecast, Canine Commute Optimizer.",code|text|systems,Next.js|BigQuery|MCP|AI Agents,fictive-environments|frank|project-zero,Image: use one of the Lede.nyc Civic Intelligence webp images already in Drive — the UI screenshot with neighborhood data visible.
15,sophies-world,SOPHIE'S WORLD,,keep,2012,secondary,sophies-world-film-still.jpg,images/atlas/sophies-world-film-still.webp,Early AI short film and Bartlett dissertation companion. Made during the MArch at UCL — one of the first experiments in the practice where code and image met as co-authors rather than tool and maker. The seed of what eventually became the Codeverse and the Localization Gap methods.,image|code,Film|Early AI|Experimental Video,architecture-in-low-res|material-for-a-novel,"Image: a film still — something cinematic, slightly uncanny. If no still exists, use a frame from the dissertation document."
16,architecture-in-low-res,ARCHITECTURE IN LOW RES,,keep,2015,secondary,architecture-low-res-thesis-render.jpg,images/atlas/architecture-low-res-thesis-render.webp,"Bartlett MArch thesis: how does architecture change when mediated through low-resolution screens? Digital perception, pixelation, and the gap between a building and its representation. The seed crystal for much of the later work — once you see this thesis, the portfolio stops looking eclectic and starts looking precise.",space|image|text,Architecture|Digital Mediation|Thesis Research,sophies-world|tuning-fork|codeverse-explorer,Keep current image if it shows the thesis rendering. It reads well.
17,b018-nightclub,B018 NIGHTCLUB,,keep,2008,secondary,b018-nightclub-dw5-interior.jpg,images/atlas/b018-nightclub-dw5-interior.webp,"Architectural work at Bernard Khoury / DW5 on Beirut's iconic B018 nightclub — a club built underground to reference the civil war-era history of the site, designed to disappear into the landscape. Early professional practice at the intersection of spatial, cultural, and political thinking.",space,Architecture|DW5|Beirut,plot-house|aub-architecture-b-arch,"Image: the B018 interior or the iconic retractable roof open at night — widely photographed. Atmospheric, architectural."
18,the-labyrinth,THE LABYRINTH,,keep,2024,secondary,the-labyrinth-sayat-nova-script.jpg,images/atlas/the-labyrinth-sayat-nova-script.webp,"Recursive novel and script involving Sayat Nova — the Armenian troubadour poet, patron saint of the exile who sings in a language no one else speaks. A story that knows it is a story, and uses that knowledge as a structural device. Companion work to The Annex.",text|image,Literary Fiction|Script|Narrative Design,the-annex|storylines|sometimes-i-wake-up-elsewhere,Image: a fragment of Armenian script or a medieval illumination detail — something that holds the weight of Sayat Nova without illustrating him literally.
19,the-annex,THE ANNEX,,keep,2024,secondary,the-annex-stage-design-script.jpg,images/atlas/the-annex-stage-design-script.webp,"Stage design script exploring memory as spatial problem — the room that holds what the body can't. A companion piece to The Labyrinth: where The Labyrinth is recursive and narrative, The Annex is spatial and performative. Both are architectural arguments made in literary form.",space|text,Stage Design|Script|Performance Architecture,the-labyrinth|space-time-tuning-machine,"Image: a spare stage plan or elevation drawing, hand-rendered or digitally austere."
20,vessel-orchestra,VESSEL ORCHESTRA,,keep,2019,secondary,vessel-orchestra-met-performance.jpg,images/atlas/vessel-orchestra-met-performance.webp,"Performance at The Metropolitan Museum of Art using found artifacts and resonant objects as instruments — the museum's collection as an orchestra. Sound extracted from objects that weren't made to make sound. Space, history, and the body in acoustic conversation.",sound|space,Live Performance|Sound Art|Institutional Programming,vessel-orchestra-met|mashrou-leila,Image: the MET performance — ideally a wide shot showing both the space and the performers in relation to artifacts.
21,space-time-tuning-machine,SPACE TIME TUNING MACHINE,,keep,2021,secondary,sttm-broad-museum-installation.jpg,images/atlas/sttm-broad-museum-installation.webp,"A cross-disciplinary body of work premiered at SXSW and The Broad Museum, Los Angeles. An instrument played not by making sound from silence but in reverse — tuning noise into melody, melody into silence. Architecture as instrument. The conceptual spine: a wandering troubadour with no memory of songs, finding broken instruments, building a machine to guide the way home. Lineage: Basinski → Caretaker → King Tubby → Eno → Pauline Oliveros.",sound|space|systems,Spatial Audio|Max/MSP|Custom Hardware|Architectural Design,tebr|derive|1000-strings-at-rest,Keep current image if it shows the installation. Strong spatial photograph.
22,yo-yo-ma-collaboration,YO-YO MA COLLABORATION,,keep,2021,secondary,yo-yo-ma-byblos-performance.jpg,,"Performance in Byblos, Lebanon — 'Ha'oud (I Will Return)' with Yo-Yo Ma, Mashrou' Leila, and Narcy, from the album Notes for the Future. Cello and voice in an ancient Phoenician city, released as a cultural document during a year of extraordinary Lebanese loss.",sound,Live Performance|Collaboration|Ma+Artists,mashrou-leila|space-time-tuning-machine,"Image: performance still from Byblos — ideally Yo-Yo Ma and Haig/band visible together. Warm, historic setting."
23,ibn-el-leil-album,IBN EL LEIL,,keep,2015,secondary,ibn-el-leil-album-cover-full.jpg,images/atlas/ibn-el-leil-album-cover-full.webp,"The band's most internationally legible full-length — baroque pop, Beirut nightlife, risk, and queer futurity. Ibn El Leil (Son of the Night) distilled the aesthetic into its sharpest form: the night as the only time and place where you can be yourself. Premiered at the Barbican, London.",sound|image,Music Production|Album|Ableton,raasuk-album|barbican-release,Current image (album cover) is correct.
24,raasuk-album,RAASÜK,,keep,2013,secondary,raasuk-album-cover.jpg,images/atlas/raasuk-album-cover.webp,"Second studio album. The moment the band's visual and sonic language became unmistakably iconic: direct, synthetic, theatrical, and politically alert. Raasük (Shackles) — movement constrained and then released. The record that broke the band regionally and set the visual grammar for the next decade of work.",sound|image,Music Production|Album|Visual Identity,el-hal-romancy|stage-architecture,Current image is correct.
25,el-hal-romancy,EL HAL ROMANCY,,keep,2011,secondary,el-hal-romancy-album.jpg,images/atlas/el-hal-romancy-album.webp,The EP that pushed the early Mashrou' Leila world into a richer narrative and visual mythology while the audience was rapidly expanding. El Hal Romancy (The Romantic Solution) — bureaucracy as romantic condition. The album that named an aesthetic and began the practice of using form as content.,sound|image,Music Production|Album,raasuk-album|mashrou-leila,Current image is correct.
26,plot-house,PLOT HOUSE,,keep,2009,secondary,plot-house-beirut-dw5.jpg,images/atlas/plot-house-beirut-dw5.webp,Residential architectural project in Beirut at Bernard Khoury / DW5. Early professional practice — a building that negotiates between the dense urban fabric of Beirut and the program of the private home. Architecture as negotiation rather than assertion.,space,Architecture|DW5|Residential,b018-nightclub|plot-1063-tower,"Image: architectural photograph of the building exterior, or a plan/section drawing."
27,frank,FRANK,,keep,2026,secondary,frank-bias-detection-ui.jpg,images/atlas/frank-bias-detection-ui.webp,"News analysis application for media bias detection — the Localization Gap methodology applied to text corpora rather than audio. FRANK surfaces the structural assumptions embedded in how events are framed, sourced, and narrated. A forensic tool for the information layer.",code|systems,Code|AI/ML|NLP|Bias Detection,localization-gap|hah-was,"Image: a UI screenshot showing bias analysis output, or a split-screen of two news articles with differential markup."
28,sunburn,SUNBURN,,keep,2026,secondary,sunburn-weather-sonification.jpg,images/atlas/sunburn-weather-rehearsal-climate-synthesis.webp,"Climate data sonification installation. Real-time urban weather data translated into a generative score — the city playing itself. A performance where the instrument is the atmosphere and the score is written by meteorological systems. Spatial, ecological, and architectural thinking applied to sound.",sound|space,Max/MSP|Python|Environmental Data|Live Performance,systems-choreography|space-time-tuning-machine,"Image: a data visualization of weather patterns with superimposed notation, or a performance still in an outdoor/gallery setting."
29,post-apocalyptic-walking-tour,POST-APOCALYPTIC WALKING TOUR,,keep,2020,secondary,post-apocalyptic-walking-tour-beirut-ar.jpg,images/atlas/post-apocalyptic-walking-tour-beirut-ar.webp,"AR performance overlaying future ruins on the streets of Beirut — shot in the weeks after the August 2020 port explosion. A walk through the city as it already was, narrated by what it might become. Augmented reality not as novelty but as grief instrument.",image|space,AR|Performance|Video Documentation,variations-on-cranes|nowhere-elsewhere,"Image: a still from the AR overlay showing ruins superimposed on an actual Beirut street, or a performer walking with a phone/device."
30,skyline-of-insomnia,SKYLINE OF INSOMNIA,,keep,2018,secondary,skyline-insomnia-nocturnal-beirut.jpg,images/atlas/skyline-insomnia-nocturnal-beirut.webp,"Visual study of nocturnal urban density — Beirut's skyline as insomniac consciousness. The city that never fully sleeps, never fully wakes. A 5,162-word Calvino-influenced literary fiction piece and visual series that reads the city as a body in a state of partial rest.",image|space,Photography|Literary Fiction|Urban Study,the-beirut-school|cartography-of-absence,"Image: a long-exposure night photograph of Beirut's skyline or a dense urban view — high contrast, blue-black tones."
31,bureaucratic-surrealism,BUREAUCRATIC SURREALISM,,keep,2024,secondary,bureaucratic-surrealism-form-detail.jpg,images/atlas/bureaucratic-surrealism-form-detail.webp,"Aesthetic framework and sustained research practice: bureaucratizing the unbureaucratizable. Form as content. The document as literary artifact. The archive as fiction. Connects The Cartography of Absence, The Crane Song, the Body Maintenance Log, and the Localization Gap methodology — all of which use institutional language as a literary device, not as parody but as texture.",text|image|systems,Literary Theory|Form Experimentation|Systems Design,cartography-of-absence|the-erasure-protocols,"Image: a detail of an administrative form (passport, visa, census) with poetic or impossible answers typed/handwritten in. Stark. Slightly uncanny."
32,telescode,TELESCODE,,keep,2025,secondary,telescode-code-visualization.jpg,images/atlas/telescode-code-visualization.webp,"Spatial code visualization and interactive mapping tool — a 3D interface for navigating codebase architecture. Where Codeverse Explorer is the conceptual frame, Telescode is the working implementation. Code made walkable, with acetate-layer depth navigation. Architecture as interface.",code,Code Visualization|3D Interface|WebGL,meaning-stack|codeverse-explorer,"Image: a screenshot of the 3D codebase visualization — nodes, connections, depth layers visible. Black bg."
33,menara,MENARA,,keep,2025,secondary,menara-generative-architectural-render.jpg,images/atlas/menara-generative-architectural-render.webp,"Generative architectural visualization project — and more: MENARA is also a concept for regional music sovereignty infrastructure, a platform for Arabic musical heritage in the age of AI. The name means lighthouse. It occupies the space between a spatial rendering tool and a cultural institution.",space|code,Generative Architecture|Visualization|Cultural Infrastructure,mekena-nyc|arabic-pop-1925-2025,"Image: a generative architectural rendering — abstract, volumetric, with Arabic geometric motifs or structural echoes. Warm light on dark ground."
34,itp-camp-prototypes,ITP CAMP PROTOTYPES,,keep,2024,secondary,itp-camp-prototypes-2024.jpg,images/atlas/itp-camp-prototypes-2024.webp,"Experimental tech objects built during NYU ITP Camp 2024 — physical computing, speculative interfaces, early hardware prototypes. The residency that grounded the practice in a maker culture, adding tactile and embodied thinking to the predominantly conceptual and digital work.",code|sound,Physical Computing|Prototyping|Hardware,systems-choreography|3d-beat-synth,"Image: a photograph of the prototypes on a workbench — wires, circuit boards, physical objects with screens or sensors visible."
35,artistic-freedom-initiative,ARTISTIC FREEDOM INITIATIVE,,keep,2023,secondary,artistic-freedom-initiative-campaign.jpg,images/atlas/artistic-freedom-archive-of-bans-censorship.webp,"International advocacy campaigns for human rights and creative liberty — documentation of the censorship of Mashrou' Leila and other artists across MENA, translated into institutional pressure and public record. The legal and advocacy infrastructure built around the practice of making work that gets banned.",systems|text,Advocacy|Human Rights|Cultural Policy,cost-of-being-queer-and-arab|mashrou-leila,"Image: a campaign graphic or press release visual — clean, institutional, with a sense of formal documentation."
36,souad,SOUAD,,keep,2014,secondary,souad-family-archive-installation.jpg,,"Installation and novella exploring the family archive — photographs, objects, documents assembled into a narrative about a woman (Souad) and the gaps in what gets recorded. The document and the absence of document as equal subjects. An early experiment in the bureaucratic surrealism mode.",text|image,Installation|Novella|Archive,sometimes-i-wake-up-elsewhere|nowhere-elsewhere,"Image: an installation shot showing photographs or documents arranged spatially, or a detail of the archive materials."
37,the-beirut-school,THE BEIRUT SCHOOL,,keep,2019,secondary,the-beirut-school-anthology.jpg,,"Anthology project and performance cycle — a collective term for a body of work (and an album) that attempts to document and transmit a specific cultural moment in Beirut before it became unavailable. The city as school, the practice as curriculum.",sound|image,Music|Performance|Cultural Documentation,mashrou-leila|the-beirut-school-album,"Image: a Beirut street photograph, warm and slightly overexposed — the feeling of a city in the middle of something."
38,material-for-a-novel,MATERIAL FOR A NOVEL,,keep,2014,secondary,material-for-a-novel-video-still.jpg,images/atlas/material-for-a-novel-video-still.webp,Video essay on tragic endings and memory — found footage and first-person narration examining how endings are constructed and retroactively narrated. The research object and the creative output occupying the same frame. An early experiment in the essayistic mode that runs through all the literary work.,image|text,Video Essay|Found Footage|Experimental Film,sophies-world|cartography-of-absence,"Image: a video still — slightly grainy, documentary quality, with text overlay or a face partially visible."
39,hah-was,HAH-WAS,,keep,2026,secondary,hah-was-hallucination-detection-ui.jpg,images/atlas/hah-was-binary-channel-barcode-waveform.webp,"Hallucination-detection engine for large language models — the Localization Gap methodology applied to the reliability layer of AI systems. HAH-WAS (سياج, 'fence' or 'sieve') measures not just factual error but cultural erasure: the model's confident wrong answer about a maqam, a place name, a practice. One of the clearest statements in the portfolio that cultural erasure in AI is measurable, not accidental.",code|systems|text,Python|NLP|LLM Evaluation|AI/ML,localization-gap|frank,Replace current image with a UI screenshot showing hallucination detection output — flagged model responses with confidence scores.
40,plot-1063-tower,PLOT #1063 TOWER,,keep,2010,secondary,plot-1063-tower-beirut.jpg,images/atlas/plot-1063-tower-beirut.webp,Architectural high-rise project in Beirut at Bernard Khoury / DW5 — a tower navigating the density and vertical ambition of post-war Beirut construction. Early professional practice in large-scale urban architecture.,space,Architecture|DW5|High-Rise,plot-house|b018-nightclub,"Image: architectural rendering or photograph of the tower — vertical, Beirut skyline context."
41,2006-reconstruction,2006 RECONSTRUCTION,,keep,2006,secondary,2006-reconstruction-south-lebanon.jpg,images/atlas/2006-reconstruction-south-lebanon.webp,Post-conflict urban mapping and planning projects in South Lebanon following the 2006 war — conducted during undergraduate studies at AUB. Architecture as humanitarian response; documentation as political act. The earliest instance of the practice engaging with the built environment as a site of political consequence.,space|systems,Urban Mapping|Post-Conflict Planning|AUB,aub-architecture-b-arch|post-conflict-urbanism,"Image: a site map or aerial photograph of South Lebanon reconstruction areas — cartographic, infrastructural."
42,new-york-voices,NEW YORK VOICES,,keep,2023,secondary,new-york-voices-joes-pub.jpg,images/atlas/new-york-voices-joes-pub.webp,"Commissioned performance at Joe's Pub, New York — an original work for voice, electronics, and spatial sound exploring the layered identities of New York as a city of transit and arrival. The first major NYC performance work after relocating from Beirut.",sound|image,Live Performance|Composition|Spatial Sound,people-like-us-podcast|mekena-nyc|nyu-kevorkian-residency,"Image: a performance still from Joe's Pub — stage lighting, performer visible, intimate venue scale."
43,people-like-us-podcast,PEOPLE LIKE US PODCAST,,keep,2021,secondary,people-like-us-podcast-visual-identity.jpg,images/atlas/people-like-us-podcast-visual-identity.webp,Original score and visual identity for the documentary podcast series. Sound and image working together as the identity layer — the practice applied to longform audio at the intersection of cultural journalism and sound design.,sound|image,Sound Design|Visual Identity|Podcast,mekena-nyc|new-york-voices|nyu-kevorkian-residency,"Image: the podcast's cover art or a still from a visual episode — strong visual identity, brand-forward."
44,museum-of-architecture,MUSEUM OF ARCHITECTURE,,keep,2009,secondary,museum-of-architecture-aub-design.jpg,images/atlas/museum-of-architecture-aub-design.webp,Award-winning AUB undergraduate architectural design project — a museum of architecture designed as a building that performs its own subject. Won the Fawzi Azar Award for architectural excellence at AUB.,space,Architecture|AUB|Academic Design,fawzi-azar-award|aub-architecture-b-arch,"Image: the design presentation — renderings, model photographs, or plans. Architectural quality."
45,arabic-pop-1925-2025,ARABIC POP 1925–2025,,keep,2025,secondary,arabic-pop-century-interactive-map.jpg,,"Interactive mapping of a century of Arabic popular music — tracing stylistic evolution, geographic spread, and cultural inflection points from the early recording era to the present. The historical research that contextualizes the Localization Gap and gives TEBR its genealogy.",sound|code,Data Visualization|Music History|Interactive Web,tebr|localization-gap|maqamai,"Image: a timeline visualization or geographic map of Arabic music's spread — data-forward, archival aesthetic."
46,stage-architecture,STAGE ARCHITECTURE,,keep,2015–22,secondary,stage-architecture-mashrou-tour.jpg,images/atlas/stage-architecture-mashrou-tour.webp,"Narrative scenography designed for Mashrou' Leila's global tours — stages as architectural propositions, not just platforms. Each tour's visual environment was designed as an argument about the music: industrial, intimate, monumental, or in ruins. Seven years of building temporary architecture for 35,000-person crowds.",space|image,Stage Design|Scenography|Tour Production,mashrou-leila|space-time-tuning-machine,"Image: a wide shot of a major stage design — crowd visible, architectural elements foregrounded. The Baalbeck or a festival stage."
47,nowhere-elsewhere,NOWHERE/ELSEWHERE,,keep,2022,secondary,nowhere-elsewhere-transit-visual.jpg,images/atlas/nowhere-elsewhere-transit-visual.webp,"108-entry narrative cycle structured into nine Houses — the predecessor to The Cartography of Absence and Sometimes I Wake Up Elsewhere. The project that established the form: bureaucratic structures as containers for the unbureaucratizable. Transit states, non-arrival, the experience of being between.",image|text,Narrative Cycle|Bureaucratic Form|Literary Structure,cartography-of-absence|crane-song,"Image: a photograph of a transit space — airport corridor, ferry terminal, border crossing — slightly motion-blurred."
48,kardia,KARDIA,,keep,2021,secondary,kardia-somatic-synthesizer-ui.jpg,images/atlas/kardia-topographic-3d-mesh-contour.webp,"Mobile biofeedback instrument — React Native, AudioKit (iOS), Oboe (Android), React Native Skia. Heart rate data mapped to generative sound via the Iso-Principle: match the user's physiological state, then guide toward clarity as the body calms. Excavation, not addition — start from dense harmonic chaos, calm the body to reveal the music. The body as compositional input.",code|sound|systems,React Native|AudioKit|Biofeedback|Generative Audio,body-maintenance-log|space-time-tuning-machine,"Image: a smartphone screen showing the Kardia UI — the three-zone vertical drag model, heart rate abstracted into waveform texture."
49,loop-corridor,LOOP CORRIDOR,,keep,2025,secondary,loop-corridor-virtual-space.jpg,images/atlas/sparrowos-surveillance-dashboard-four-panel.webp,"Meditative art game: bureaucratic purgatory corridors that mutate across loop counts. A virtual architectural space where the environment changes based on repetition — each pass through the corridor slightly different from the last, accumulating distortion. Space, sound, and time as a feedback system.",space|sound,Game Design|Virtual Architecture|Sound Design,space-time-tuning-machine|derive,"Image: a first-person perspective screenshot from inside the corridor — slightly uncanny, architectural, with visible mutations or distortions."
50,3d-beat-synth,3D-BEAT-SYNTH,,keep,2025,secondary,3d-beat-synth-webgl-interface.jpg,images/atlas/3d-beat-synth-freq-amp-wireframe.webp,Spatial audio modulation interface: Three.js + Web Audio API. Sound positioned in 3D space and navigated through — the synthesizer becomes a room you walk around inside. One of the most immediately legible proofs in the portfolio that technical experimentation can stay conceptually clean and experientially immediate.,code|sound|image,Three.js|WebGL|Web Audio API,itp-camp-prototypes|kardia|photon-plus,Keep or replace with a cleaner WebGL screenshot — the 3D interface with sound nodes visible in space.
51,storylines,STORYLINES,,keep,2024,secondary,storylines-graph-interface.jpg,images/atlas/storylines-knowledge-graph-network-dense.webp,"Graph-based narrative tool — a relational interface for building and navigating story structures where relationships between nodes define meaning rather than linear sequence. Shows how abstract ideas can be translated into a working relational interface that remains legible, surprising, and technically credible.",code|text|image,Graph Database|Narrative Design|React,the-labyrinth|meaning-stack,Keep current image if it shows the graph clearly. Strong visual.
52,architectures-of-belonging,ARCHITECTURES OF BELONGING,,keep,2021,secondary,architectures-of-belonging-research.jpg,images/atlas/architectures-of-belonging-cohesion-model.webp,"Research project on spatial agency and identity — how built environments either enable or deny belonging, with particular attention to diasporic and displaced communities. Academic and practice-based research that forms the theoretical underpinning of MEKENA NYC.",space|text,Spatial Research|Cultural Theory|Academic,nyu-kevorkian-residency|mekena-nyc,"Image: a research document spread, or a spatial diagram mapping belonging across a building or neighborhood."
53,the-codex-project,THE CODEX PROJECT,,keep,2025,secondary,codex-project-metadata-visualization.jpg,images/atlas/derive-negentropic-sorted-blocks-grid.webp,"Visualizing hidden metadata in archives — a tool for surfacing what documents contain beyond their ostensible content: timestamp patterns, authorship traces, revision histories, embedded coordinates. The archive made legible at a layer below the text.",code|image,Data Visualization|Archive Research|Metadata,meaning-stack|the-archive,"Image: a visualization of document metadata — connection maps, timestamp clusters, revision trees. Data-forward."
54,speculative-narrative-design,SPECULATIVE NARRATIVE DESIGN,,keep,2025,secondary,speculative-narrative-design-workshop.jpg,,"Future-casting workshop materials — methodologies for designing with uncertainty, building narratives for futures that don't exist yet. Part of the Fictive Environments practice: treating fiction as a design tool for institutional and spatial problems.",text|space,Workshop Design|Futures Methodology|Speculative Design,fictive-environments|systems-choreography,"Image: a workshop spread — post-its, diagrams, hands visible around a table. Or a speculative timeline visualization."
55,autopsy-beirut-phantom,THE AUTOPSY / BEIRUT PHANTOM,NAME CHANGED: was 'THE AUTOPSY / BEIRUT PHANTOM' — clarifying as two linked works,keep,2024,secondary,autopsy-beirut-phantom-spatial-media.jpg,images/atlas/autopsy-beirut-phantom-spatial-media.webp,"A spatial media work occupying the territory between architectural rendering and interactive fiction — the 'autopsy' of a city and the 'phantom' of its continuation. Operating on the same low-resolution, fragment-aware logic that runs through the rest of the practice: what remains when the building is gone.",space|image|systems,Spatial Media|Interactive Fiction|3D Rendering,the-labyrinth|architecture-in-low-res,Keep current screenshot if it shows the spatial interface clearly.
56,archive-of-unwritten-songs,ARCHIVE OF UNWRITTEN SONGS,,keep,2024,secondary,archive-unwritten-songs-generative.jpg,images/atlas/archive-unwritten-songs-generative.webp,"Generative art project on melodic loss — an archive populated with songs that were almost written, tunes that dissolved before notation, melodic fragments from the research process. The counterfactual as archive. What the model refused to generate, stored as documentation of the refusal.",sound|code,Generative Audio|Archive|AI/ML,427-ai-tracks-archive|localization-gap,"Image: a visual representation of absence — empty notation staves, a spectrogram of silence, or a database with deliberately empty fields."
57,vessel-orchestra-met,VESSEL ORCHESTRA (MET),,keep,2019,secondary,vessel-orchestra-met-documentation.jpg,images/atlas/vessel-orchestra-met-documentation.webp,"Documentation node for the Vessel Orchestra performance at The Metropolitan Museum of Art — photographs, sound recordings, curatorial notes. The museum as resonant space, the collection as instrument, the visitor as listener.",sound|space,Live Performance Documentation|Sound Art,vessel-orchestra|new-york-voices,Image: the MET performance — ideally a wide architectural shot of the performance space with performers and objects.
58,codeverse-explorer,CODEVERSE EXPLORER,,keep,2025,secondary,codeverse-explorer-3d-codebase.jpg,images/atlas/codeverse-explorer-3d-codebase.webp,"3D cartography for visual codebases — spatial computing interface for code architecture using acetate-layer depth navigation. Extends the relational-spatial method of STORYLINES into engineering infrastructure: code as architecture, the repository as a building you can walk through. Makes the practice's cross-domain consistency obvious.",code|systems|space,Three.js|WebGL|Code Visualization,telescode|meaning-stack,Keep current screenshot — it reads well as spatial code navigation.
59,the-erasure-protocols,THE ERASURE PROTOCOLS,,keep,2024,secondary,erasure-protocols-interactive-fiction.jpg,,"Interactive fiction archive documenting protocols of cultural erasure — in AI systems, in censorship regimes, in the archive's own logic of inclusion and exclusion. Draws directly from the Localization Gap research and the experience of systematic banning across MENA.",text|code,Interactive Fiction|Archive|Political Documentation,localization-gap|hah-was|the-archive,"Image: a redacted document — heavy black bars over text, bureaucratic formatting. Or a database with systematically missing fields."
60,in-itaf-the-turn,INʿIṬĀF (THE TURN),,keep,2024,secondary,initaf-ritual-generator-pwa.jpg,,"Progressive Web App ritual generator — a daily practice tool built on the concept of inʿiṭāf, the Arabic term for a turn or deflection in classical rhetoric. The app generates ritual instructions for reorientation: spatial, temporal, attentional. Systems Choreography as daily practice.",code|text,PWA|Web App|Ritual Design,systems-choreography|cartography-of-absence,"Image: a smartphone screen showing a ritual instruction, or the app's interface — minimal, typographic, Arabic and English text."
61,tuning-fork,TUNING FORK,,keep,2025,secondary,tuning-fork-image-decay-software.jpg,,"Image decay and visualization software — a tool that applies controlled degradation to images, simulating the effects of time, compression, and transmission error. Architecture in Low Res applied as software: what does an image retain when resolution is deliberately withdrawn?",code|image,Image Processing|Decay Simulation|Software Art,architecture-in-low-res|photon-plus,Image: a before/after comparison of image decay — or a single deeply degraded image that retains enough to be recognizable.
62,heroes-of-a-transitional-time,HEROES OF A TRANSITIONAL TIME,,keep,2012,secondary,heroes-transitional-time-exhibition.jpg,images/atlas/heroes-transitional-time-exhibition.webp,"Visual art critique on masculinity, produced during the Marra.tein Residency in Beirut. An exhibition-based work examining the construction of heroism and masculine identity in post-war Lebanese visual culture.",image|systems,Visual Art|Exhibition|Cultural Critique,marra-tein-residency|the-beirut-school,Image: an installation shot from the exhibition — ideally showing work on walls with the gallery space visible.
63,aub-architecture-b-arch,AUB ARCHITECTURE (B.ARCH),,keep,2004–09,secondary,aub-barch-beirut-campus.jpg,images/atlas/aub-barch-beirut-campus.webp,"Five years of architectural education at the American University of Beirut — foundational training in spatial thinking, structural systems, and the specific grammar of Lebanese urbanism. The degree that built the spatial logic underlying all six domains of the practice. Projects included the Museum of Architecture, Bourj Hammoud urban research, and post-conflict reconstruction mapping.",space,Architecture|AUB|Undergraduate,the-beirut-school|beirut-river-project|b018-nightclub|2006-reconstruction,"Image: the AUB campus or a studio model from the undergraduate years — architectural, Beirut light."
64,the-bartlett-m-arch,THE BARTLETT (M.ARCH),,keep,2014–15,secondary,bartlett-march-london-thesis.jpg,images/atlas/bartlett-march-london-thesis.webp,"Master of Architecture at The Bartlett, UCL London — Said Foundation Scholar, British Lebanese Association Scholar. The thesis: Architecture in Low Res. The degree that connected the spatial practice to digital mediation theory and set the conditions for the code-based work that followed.",space,Architecture|UCL|Postgraduate|Thesis,architecture-in-low-res|sophies-world|barbican-release,"Image: the Bartlett building exterior, or a thesis presentation image — London, academic, precise."
65,marra-tein-residency,MARRA.TEIN RESIDENCY,,keep,2012,secondary,marra-tein-residency-beirut.jpg,,"Art residency and exhibition at the Marra.tein space in Hamra, Beirut — an adaptive reuse project itself, an early experiment in the kind of institutional space MEKENA NYC later became. Site of the Heroes of a Transitional Time exhibition.",image|space,Art Residency|Exhibition|Adaptive Reuse,heroes-of-a-transitional-time|home-workspace-hwp,Image: the Marra.tein space — the building exterior or an exhibition installation view.
66,home-workspace-hwp,HOME WORKSPACE (HWP),,keep,2013,secondary,home-workspace-ashkal-alwan.jpg,images/atlas/home-workspace-ashkal-alwan.webp,"Ashkal Alwan's Home Workspace Program — Beirut's most rigorous interdisciplinary residency, focused on critical practice and political art. The program that formalized the practice's engagement with theory, documentation, and the relationship between art and institution.",image|text,Art Residency|Critical Practice|Interdisciplinary,the-beirut-school|marra-tein-residency,"Image: the Ashkal Alwan space or a documentation photograph from the program — Beirut, institutional, critical."
67,nyu-kevorkian-residency,NYU KEVORKIAN RESIDENCY,,keep,2017,secondary,nyu-kevorkian-great-gig-exhibition.jpg,images/atlas/nyu-kevorkian-great-gig-exhibition.webp,Artist-in-residence at NYU's Kevorkian Center for Near Eastern Studies — culminating in The Great Gig in the Sky exhibition. The residency that marked the transition of the practice to New York and grounded it in an institutional relationship with Near Eastern Studies.,image|systems,Residency|Exhibition|Cultural Programming,the-great-gig-in-the-sky|new-york-voices|mekena-nyc,"Image: the Kevorkian Center or the Great Gig exhibition installation — New York, academic, cultural."
68,banksy-block-9-retreat,BANKSY / BLOCK 9 RETREAT,,keep,2018,secondary,banksy-block9-walled-off-hotel.jpg,images/atlas/banksy-block9-walled-off-hotel.webp,"Creative collaboration retreat connected to Banksy's Walled Off Hotel in Palestine — the site of the 'Salam' recording with Roisin Murphy. A convergence of music, visual art, and political space in a site specifically constructed to make the absurdity of the wall literal.",image|systems,Collaboration|Political Space|Music,mashrou-leila|roisin-murphy,"Image: the Walled Off Hotel exterior or interior — Banksy's work visible, the wall in background."
69,aub-150th-documentary,AUB 150TH DOCUMENTARY,,keep,2016,secondary,aub-150th-documentary-production.jpg,images/atlas/aub-150th-documentary-production.webp,Visual and music collaboration for the American University of Beirut's 150th anniversary documentary — original score and visual contribution to an institutional history of one of the Arab world's most significant universities.,image|sound,Documentary|Score|Institutional Film,the-beirut-school|aub-architecture-b-arch,"Image: a documentary film still — AUB campus, archival footage quality."
70,the-great-gig-in-the-sky,THE GREAT GIG IN THE SKY,,keep,2017,secondary,great-gig-sky-nyu-exhibition.jpg,images/atlas/great-gig-sky-nyu-exhibition.webp,"Exhibition at the NYU Kevorkian Center — named after the Pink Floyd track, the exhibition examined sonic, spatial, and cultural dimensions of exile and the afterlife of places. The work that established the New York institutional relationship.",image|systems,Exhibition|Installation|Cultural Programming,nyu-kevorkian-residency|cartography-of-absence,"Image: the exhibition installation view — works on walls, institutional gallery space, NYU context."
71,variations-on-cranes,VARIATIONS ON CRANES,,keep,2020,secondary,variations-on-cranes-video-performance.jpg,,"Video performance piece on the crane as figure — the construction crane ubiquitous in post-war Beirut, and the crane bird that carries the dead home in Armenian mythology. The two cranes as one image, inhabiting the same temporal and spatial register.",image|text,Video Art|Performance|Documentary,crane-song|post-apocalyptic-walking-tour,"Image: a still from the video — either a construction crane against Beirut sky, or the migratory crane bird in flight. Ideally both in the same frame."
72,how-to-walk-with-friends,HOW TO WALK WITH FRIENDS,,keep,2020,secondary,how-to-walk-with-friends-public-space.jpg,,"Video work on public space agency — instructions for moving through the city together, filmed during the 2019–2020 Lebanese uprising. The street as practice space, the walk as political act.",image|systems,Video Art|Public Space|Political Documentation,the-beirut-school|post-apocalyptic-walking-tour,"Image: a still from the video — people walking together in a Beirut street, slightly documentary in quality."
73,auditions-for-a-battle,AUDITIONS FOR A BATTLE,,keep,2013,secondary,auditions-for-a-battle-performance-video.jpg,images/atlas/auditions-for-a-battle-performance-video.webp,"Performance and video art piece — the battle as audition, the audition as performance. An examination of competitive structures and the theater of conflict in post-war Beirut cultural life.",image|systems,Performance Art|Video Art|Cultural Critique,the-beirut-school|home-workspace-hwp,"Image: a performance still — theatrical, confrontational, video-art quality."
74,kaboos-kaleidoscope,KABOOS (KALEIDOSCOPE),,keep,2009,archive,kaboos-kaleidoscope-stop-motion.jpg,,"Early stop-motion visual work — Kaboos means nightmare in Arabic. One of the earliest moving image experiments, made during the undergraduate years at AUB. The kaleidoscope as a structure for the nightmare: repetition, fragmentation, and the failure to escape the pattern.",image,Stop-Motion Animation|Early Work,lilly-doesnt-care-anymore,"Image: a still from the stop-motion animation — fragmented, kaleidoscopic, handmade quality."
75,lilly-doesnt-care-anymore,LILLY DOESN'T CARE ANYMORE,,keep,2008,archive,lilly-doesnt-care-2d-animation.jpg,images/atlas/lilly-doesnt-care-2d-animation.webp,Early 2D stop-motion experiment — the first moving image work in the archive. Lilly's indifference as a formal quality: what happens when a character refuses to perform emotional legibility.,image,2D Animation|Early Work,kaboos-kaleidoscope,"Image: a still from the 2D animation — hand-drawn, early, charming in its roughness."
76,material-for-a-novel-research-piece,MATERIAL FOR A NOVEL (RESEARCH PIECE),,keep,2014,archive,material-for-a-novel-research-still.jpg,images/atlas/material-for-a-novel-research-still.webp,"The research companion to the video essay Material for a Novel — notes, source materials, and documentation of the inquiry into tragic endings and narrative construction. The process made visible as artifact.",image|text,Video Essay|Research|Documentation,sophies-world|material-for-a-novel,"Image: a research spread — notes, stills, source materials. Documentary quality."
77,post-conflict-urbanism,POST-CONFLICT URBANISM,,keep,2006,archive,post-conflict-urbanism-south-lebanon.jpg,images/atlas/post-conflict-urbanism-south-lebanon.webp,"Research and urban mapping in South Lebanon following the 2006 war — the earliest instance of the practice engaging with documentation as political act. Architecture as humanitarian response, at the scale of a destroyed landscape.",space|systems,Urban Research|Mapping|Post-Conflict Planning,aub-architecture-b-arch|2006-reconstruction,"Image: a map or aerial photograph of South Lebanon — cartographic, infrastructural, documentary."
78,fawzi-azar-award,FAWZI AZAR AWARD,,keep,2009,archive,fawzi-azar-award-aub-ceremony.jpg,,"The Fawzi Azar Award for Architectural Excellence, received at AUB for the Museum of Architecture project. The first formal recognition in the practice — early evidence that the work was already doing something the field could identify as significant.",space,Architecture|Award|AUB,museum-of-architecture,"Image: the award certificate or a photograph from the ceremony — institutional, formal."
79,toros-roslin-award,TOROS ROSLIN AWARD,,keep,2004,archive,toros-roslin-award-2004.jpg,,"Early recognition in the visual arts — the Toros Roslin Award, named after the 13th-century Armenian illuminator, received in 2004 at the beginning of the undergraduate years. An award with deep Armenian cultural significance in the Lebanese Armenian community.",image,Visual Arts|Award|Early Recognition,,Image: the award documentation or a detail of the illuminated manuscript tradition the award references.
80,fasateen-mv,FASATEEN (MV),,keep,2010,archive,fasateen-music-video-still.jpg,images/atlas/fasateen-music-video-still.webp,"Breakthrough music video for Mashrou' Leila — Fasateen (Dresses) became the song that introduced the band to a regional audience, with a video that was as much a statement as the song itself.",image|sound,Music Video|Early Mashrou,,Image: a still from the Fasateen video — the most recognizable visual moment.
81,raksit-leila-mv,RAKSIT LEILA (MV),,keep,2010,archive,raksit-leila-video-still.jpg,,"Iconic music video and performance — Raksit Leila (Leila's Dance) became one of the band's defining early visual statements. The performance mode, the femininity, the street setting — all of it established.",image|sound,Music Video|Early Mashrou,,"Image: a still from the video — Leila dancing, the street, the early visual language."
82,doha-tribeca-film-fest,DOHA TRIBECA FILM FESTIVAL,,keep,2010,archive,doha-tribeca-film-fest-performance.jpg,,"Performance and screening at the Doha Tribeca Film Festival — an early international platform for the band, connecting Mashrou' Leila's sound and visual world to the regional film industry.",image|sound,Performance|Film Festival|Cultural Event,,Image: a performance still or festival documentation photograph.
83,exit-festival,EXIT FESTIVAL,,keep,2011,archive,exit-festival-serbia-2011.jpg,images/atlas/exit-festival-serbia-2011.webp,"Performance at the Exit Festival in Serbia — one of the earliest European festival appearances for Mashrou' Leila, the beginning of a touring circuit that would eventually cover 40 countries.",sound,Live Performance|Festival,,"Image: a stage shot from Exit Festival — crowd, stage, festival atmosphere."
84,paleo-festival,PALÉO FESTIVAL,,keep,2012,archive,paleo-festival-switzerland-2012.jpg,,"Performance at the Paléo Festival in Nyon, Switzerland — one of Europe's largest open-air festivals. Mashrou' Leila bringing Arabic-language alternative rock to a Swiss outdoor festival crowd.",sound,Live Performance|Festival,,Image: a stage shot or crowd photograph from Paléo.
85,npr-tiny-desk,NPR TINY DESK,,keep,2016,archive,npr-tiny-desk-mashrou-leila.jpg,images/atlas/npr-tiny-desk-mashrou-leila.webp,"The NPR Tiny Desk Concert — the performance that broke Mashrou' Leila to an English-speaking global audience. Recorded in Washington, D.C., it became one of the most-viewed Tiny Desk concerts featuring a non-English-language act.",sound|systems,Live Performance|Media|Global Breakout,,"Image: the Tiny Desk setup — the band crowded around desks, the informal intimacy of the format."
86,roman-video,ROMAN (MV),,keep,2017,archive,roman-music-video-still.jpg,images/atlas/roman-music-video-still.webp,"The anchor image of the band's late visual era — Roman became a feminist and queer manifesto in video form, with the most precise visual language of any Mashrou' Leila music video. Haig's creative direction at its most considered. The door into the broader music video archive.",image|sound,Music Video|Creative Direction|Feminist,,Keep current image — the Roman video still is exactly right.
87,ysl-museum-opening,YSL MUSEUM OPENING,,keep,2017,archive,ysl-museum-marrakech-performance.jpg,,Private performance at the opening of the Yves Saint Laurent Museum in Marrakech — a collaboration between the band's cultural reach and the museum's positioning at the intersection of French colonial aesthetics and Moroccan heritage.,sound|space,Private Performance|Cultural Event|Institutional,,"Image: a performance still from Marrakech, or the YSL Museum exterior."
88,montreux-jazz-festival,MONTREUX JAZZ FESTIVAL,,keep,2018,archive,montreux-jazz-festival-2018.jpg,,"Performance at the Montreux Jazz Festival in Switzerland — one of the world's most prestigious jazz and world music platforms, adding institutional legitimacy to the band's European festival circuit.",sound,Live Performance|Festival,,"Image: a stage shot from Montreux — the lake backdrop, the festival staging."
89,beirut-blast-relief,BEIRUT BLAST RELIEF,,keep,2020,archive,beirut-blast-relief-concert-2020.jpg,,"Global fundraising concert organized in response to the August 4, 2020 Beirut port explosion — Mashrou' Leila's last major collective action as a band, mobilizing international networks for humanitarian response.",systems|sound,Humanitarian|Fundraising|Global Concert,,"Image: a documentary photograph from the post-blast Beirut context, or a concert flyer/poster."
90,greenpeace-campaign,GREENPEACE CAMPAIGN,,keep,2014,archive,greenpeace-campaign-renewable-energy.jpg,images/atlas/greenpeace-campaign-renewable-energy.webp,"Renewable energy awareness campaign with Greenpeace — Mashrou' Leila lending the band's platform to environmental advocacy, an early instance of the systematic use of cultural reach for institutional change.",systems,Advocacy|Environmental|Campaign,,"Image: the campaign visual — clean, environmental, advocacy-forward."
91,body-maintenance-log,BODY MAINTENANCE LOG,,keep,2021,archive,body-maintenance-log-document-art.jpg,images/atlas/body-maintenance-log-document-art.webp,"Document art on visa status, health records, and bodily administration — the body as bureaucratic object. A personal archive of the paperwork that mediates existence in a country where you're not from: medical forms, visa renewals, insurance documents treated as literary artifacts. Bureaucratic surrealism applied to the self.",text|systems,Document Art|Personal Archive|Bureaucratic Surrealism,kardia|cartography-of-absence,"Image: a detail of the actual documents — visa stamp, medical form, insurance card — arranged as a composition."
92,project-zero,PROJECT ZERO,,keep,2026,archive,project-zero-civic-protocol.jpg,images/atlas/project-zero-civic-protocol.webp,"Civic protocol concept for collective stillness — a framework for institutional and public pause. What does it mean to build a protocol around doing nothing: no notifications, no movement, no production. The civic as contemplative infrastructure.",systems|code,Civic Design|Protocol|Speculative Systems,lede-nyc|fictive-environments,"Image: a blank form with 'Project Zero' as a header, or a visualization of collective stillness — absence as content."
93,the-mirage-room,THE MIRAGE ROOM,,keep,2012,archive,the-mirage-room-optical-installation.jpg,images/atlas/the-mirage-room-optical-installation.webp,"Optical illusion installation produced during the Bartlett/early London years — a room designed to produce spatial disorientation, where surfaces that appear solid are reflective and distances are systematically misread.",space|image,Installation|Optical Art|Spatial Design,architecture-in-low-res,"Image: an installation photograph — the optical effect visible, the spatial disorientation palpable."
94,lava-object,LAVA OBJECT,,remove,2010,archive,lava-object-industrial-design.jpg,,"Industrial design piece — an object that references volcanic form and material weight. One of the few industrial design works in the archive, produced during the DW5 period in Beirut.",space,Industrial Design|Object Design,plot-house,"Image: the object itself, photographed as a product — dark material, sculptural. Removed from atlas per review."
95,phil-and-joe-barbershop,PHIL & JOE BARBERSHOP,,keep,2011,archive,phil-joe-barbershop-interior.jpg,,"Interior design for a Beirut barbershop — a commercial interior project at the intersection of craft, cultural space, and everyday architecture. One of the few projects in the archive that is unambiguously domestic and local in scale.",space,Interior Design|Commercial|Beirut,plot-house|b018-nightclub,"Image: the interior of the barbershop — warm, craft-forward, Beirut neighborhood scale."
96,cerf-volant,CERF VOLANT,,remove,2012,archive,cerf-volant-lighting-installation.jpg,,"Lighting installation — Cerf Volant means kite in French. A light object that takes flight, literally or in spatial metaphor. An early experiment in atmospheric and environmental design.",space,Lighting Design|Installation,plot-house,"Image: the installation lit — light quality, space transformed. Removed from atlas per review."
97,bourj-hammoud-thesis,BOURJ HAMMOUD THESIS,,keep,2009,archive,bourj-hammoud-urban-thesis.jpg,images/atlas/bourj-hammoud-urban-thesis.webp,"AUB undergraduate thesis on Bourj Hammoud — the Armenian-Lebanese quarter of Beirut, one of the most densely layered urban environments in the Arab world. Urban research at the intersection of heritage, density, and diaspora identity.",space|text,Urban Research|Architectural Thesis|Armenian Heritage,aub-architecture-b-arch|2006-reconstruction,"Image: a map of Bourj Hammoud, or a photograph of the neighborhood — dense, layered, Armenian street signage visible."
98,map-of-the-wound,MAP OF THE WOUND,,keep,2024,archive,map-of-the-wound-literary-visual.jpg,images/atlas/map-of-the-wound-literary-visual.webp,"Composite literary and visual work — a map drawn in the shape of a wound, or a wound described with the precision of a map. Documentation of a specific kind of damage that has both geographic and somatic coordinates.",text|image,Literary Work|Visual Art|Composite,cartography-of-absence|nowhere-elsewhere,"Image: a detail of the map — hand-drawn, anatomical precision applied to geographic form."
99,ants-design-store,ANTS DESIGN STORE,,keep,2011,archive,ants-design-store-interior.jpg,images/atlas/ants-design-store-interior.webp,"Commercial interior for a design store in Beirut and Yerevan — a retail environment for design objects, spanning Lebanese and Armenian contexts. One of the few projects that literally bridges the two cities that anchor Haig's identity.",space,Interior Design|Commercial|Retail,plot-house|phil-and-joe-barbershop,"Image: the store interior — objects on display, clean retail design, Beirut or Yerevan context."
100,skoun-concert,SKOUN CONCERT,,keep,2018,archive,skoun-concert-mental-health.jpg,,"Mental health awareness concert — Mashrou' Leila in partnership with Skoun, Lebanon's first drug treatment and harm reduction center. The band's platform used for a conversation about mental health in a cultural context where that conversation was rare.",systems|sound,Advocacy|Mental Health|Concert,mashrou-leila|beirut-blast-relief,"Image: a concert still or campaign visual — warm, advocacy-forward."
101,marsa-clinic-event,MARSA CLINIC EVENT,,keep,2017,archive,marsa-clinic-sexual-health-event.jpg,,"Sexual health awareness event with Marsa, Lebanon's only sexual health clinic for at-risk populations. The band's platform in service of public health advocacy in a country without formal LGBTQ+ recognition.",systems|sound,Advocacy|Sexual Health|Public Health,mashrou-leila|artistic-freedom-initiative,"Image: an event visual or poster — clinical clarity, warm accessibility."
102,sawa-aid-concert,SAWA AID CONCERT,,keep,2016,archive,sawa-aid-concert-refugees.jpg,,Syrian refugee fundraising concert — Mashrou' Leila mobilizing cultural platform for humanitarian response to the Syrian displacement crisis at its peak.,systems|sound,Humanitarian|Fundraising|Concert,mashrou-leila|beirut-blast-relief,"Image: a concert still or campaign poster — humanitarian urgency, cultural warmth."
103,seal-concert,SEAL CONCERT,,keep,2017,archive,seal-concert-economic-action.jpg,,SEAL (Secular Arab Artists for Lebanon) concert — a coalition performance for economic reform and anti-corruption advocacy in Lebanon. The band as political actor in the most direct sense: using concert infrastructure for civic pressure.,systems|sound,Advocacy|Economic Reform|Coalition,mashrou-leila|artistic-freedom-initiative,Image: a concert still or SEAL coalition visual.
104,toronto-pride,TORONTO PRIDE,,keep,2016,archive,toronto-pride-performance.jpg,,"Performance at Toronto Pride — one of the world's largest Pride celebrations, marking the band's explicit alignment with LGBTQ+ advocacy on the global stage and in the diaspora.",systems|sound,LGBTQ+ Advocacy|Performance|Diaspora,mashrou-leila|cost-of-being-queer-and-arab,"Image: a Pride performance still — rainbow flags, crowd, stage."
105,oslo-world,OSLO WORLD,,keep,2016,archive,oslo-world-festival-performance.jpg,,"Performance at the Oslo World music festival in Norway — a curated international music festival specifically focused on global and non-Western music, an institutional validation of the band's positioning.",sound,Live Performance|Festival,,Image: a stage shot from Oslo World — intimate festival scale.
106,lowlands-festival,LOWLANDS FESTIVAL,,keep,2019,archive,lowlands-festival-netherlands.jpg,,"Performance at the Lowlands Festival in the Netherlands — one of Europe's major multi-day festivals, the band playing to an audience with no existing knowledge of Arabic-language rock.",sound,Live Performance|Festival,,"Image: a stage shot from Lowlands — festival scale, crowd visible."
107,hercules-and-love-affair,HERCULES & LOVE AFFAIR,,keep,2017,archive,hercules-love-affair-are-you-still-certain.jpg,,Collaboration: 'Are You Still Certain?' — Mashrou' Leila featured on the Hercules & Love Affair album Omnion. A convergence of the band's Arabic-language queer politics and the New York house music tradition.,sound,Collaboration|Electronic Music|Queer Music,mashrou-leila,"Image: the Omnion album cover, or a performance still of the collaboration."
108,roisin-murphy,ROISIN MURPHY,,keep,2018,archive,roisin-murphy-salam-banksy.jpg,,"Collaboration: 'Salam' — recorded at Banksy's Walled Off Hotel in Palestine. Roisin Murphy and Mashrou' Leila in a politically charged site, making a song about peace in the most ironic location possible.",sound,Collaboration|Political Music|Banksy,mashrou-leila|banksy-block-9-retreat,Image: a still from the Salam recording session at the Walled Off Hotel.
109,lost-souls-of-saturn,LOST SOULS OF SATURN,,keep,2019,archive,lost-souls-saturn-bint-el-khandaq.jpg,,"Collaboration: 'Bint el Khandaq' — Mashrou' Leila featured on the Lost Souls of Saturn project by Seth Troxler and Phil Moffa. The band's voice in an electronic music context, stripping the arrangement back to the essential.",sound,Collaboration|Electronic Music,mashrou-leila,"Image: the Lost Souls of Saturn release artwork, or a DJ performance still."
110,mika-collaboration,MIKA COLLABORATION,,keep,2020,archive,mika-promiseland-sursock-palace.jpg,images/atlas/mika-promiseland-sursock-palace.webp,"Collaboration: 'Promiseland' — performed at the I Love Beirut benefit concert in the ruins of the Sursock Palace after the August 2020 explosion. Mika and Mashrou' Leila in the rubble of one of Beirut's most iconic heritage buildings, singing about a promised land.",sound,Collaboration|Humanitarian|Benefit Concert,mashrou-leila|beirut-blast-relief,"Image: the Sursock Palace performance still — the ruined palace, the performers, the emotional weight of the site."
111,the-narcycist,THE NARCYCIST,,keep,2018,archive,narcycist-time-collaboration.jpg,,"Collaboration: 'Time' — with The Narcycist (Yassin Alsalman), the Iraqi-Canadian rapper and poet. A convergence of Arabic diaspora musical traditions across different geographic and stylistic registers.",sound,Collaboration|Hip-Hop|Arabic Diaspora,mashrou-leila,Image: a studio or performance still from the collaboration.
112,cavalry-mv,CAVALRY (MV),,keep,2019,archive,cavalry-music-video-militarized.jpg,images/atlas/cavalry-music-video-militarized.webp,"Music video on militarized space — Cavalry as a visual argument about the aestheticization of military presence in public life, with the band occupying and reclaiming militarized visual grammar.",image|systems,Music Video|Political Imagery|Creative Direction,mashrou-leila,"Image: the most striking still from the Cavalry video — the militarized aesthetic, reclaimed."
113,radio-romance-mv,RADIO ROMANCE (MV),,keep,2019,archive,radio-romance-narrative-video.jpg,images/atlas/radio-romance-narrative-video.webp,Narrative music video — Radio Romance as a story told in the specific emotional register of late-night radio and the kind of love that only exists in that frequency.,image,Music Video|Narrative,mashrou-leila,"Image: a still from the Radio Romance video — warm, nocturnal, narrative quality."
114,aoede-mv,AOEDE (MV),,keep,2016,archive,aoede-experimental-video.jpg,,"Experimental visual video — Aoede, the muse of song, rendered in an experimental visual language that departs from the band's usual aesthetic. A more abstract, image-driven approach.",image,Music Video|Experimental|Visual Art,mashrou-leila,"Image: a still from the Aoede video — abstract, experimental, the most visually unexpected frame."
115,3-minutes-mv,3 MINUTES (MV),,keep,2015,archive,3-minutes-fan-collaborated-video.jpg,images/atlas/3-minutes-fan-collaborated-video.webp,"Fan-collaborated video — 3 Minutes was built from footage submitted by fans across MENA, making the audience the image-makers. The most participatory and distributed visual work in the Mashrou' archive.",image,Music Video|Fan Participation|Collaborative,mashrou-leila,"Image: a still from the fan video — assembled, participatory, multiple sources visible in the aesthetic."
116,lil-watan-mv,LIL WATAN (MV),,keep,2013,archive,lil-watan-political-satire-video.jpg,images/atlas/lil-watan-political-satire-video.webp,"Political satire music video — Lil Watan (For the Homeland) is the band's sharpest political satire, a video that treats Lebanese political culture with the precision of a surgical instrument and the timing of a joke.",image|systems,Music Video|Political Satire|Creative Direction,mashrou-leila,Image: the most satirically charged still from the Lil Watan video.
117,the-waiting-room,THE WAITING ROOM,,keep,2010,archive,the-waiting-room-installation.jpg,images/atlas/the-waiting-room-installation.webp,"Early architectural installation — the waiting room as spatial condition, as political state, as the universal experience of institutional suspension. Bureaucratic surrealism as spatial practice, before it had a name.",space,Installation|Spatial Design|Early Work,cartography-of-absence|b018-nightclub,"Image: the installation — a waiting room rendered uncanny, chairs and light and the specific quality of bureaucratic time."
118,1000-strings-at-rest,1000 STRINGS AT REST,,keep,2022,archive,1000-strings-at-rest-installation.jpg,images/atlas/1000-strings-at-rest-installation.webp,"Multimedia performance and installation — 1000 strings, each at rest, each holding the potential of a sound that has not yet been made. A work that bridges Mashrou' Leila, the Space Time Tuning Machine, and DERIVE: the archive of the not-yet-played. Subtractive composition at its most literal.",sound|space|image,Installation|Sound Art|Multimedia Performance,space-time-tuning-machine|derive,Replace current image (Ibn El Leil album cover) with an installation photograph of the strings-at-rest work.
119,galaxy-birds,GALAXY BIRDS,,keep,2024,archive,galaxy-birds-generative-art.jpg,images/atlas/galaxy-birds-generative-art.webp,"Digital and generative art piece — birds rendered in generative code, forming constellations and dispersing. The bird as unit of both natural system and computational system, migrating through algorithmic space.",code|image,Generative Art|Creative Coding|WebGL,derive|resonance-atlas,"Image: a frame from the generative piece — birds as particles or nodes, constellation-forming, black bg."
120,photon-plus,PHOTON+,,keep,2025,archive,photon-plus-optical-sequencer.jpg,images/atlas/photon-plus-optical-sequencer.webp,"Optical sequencer — light as both signal and score. Photon+ translates architectural logic (rhythm, interval, proportion) directly into an electronic instrument: the building plan becomes the step sequencer. One of the most elegant examples of architectural thinking translated into an instrument.",code|sound|image,Creative Coding|Hardware|Sequencer,3d-beat-synth|meaning-stack,Keep current image if it shows the interface clearly. Strong visual.
121,derive,DERIVE,,keep,2024,archive,derive-memory-navigation-system.jpg,images/atlas/derive-negentropic-machine-noise-order.webp,"Memory as emotional adjacency rather than chronology — DERIVE (from the Situationist dérive) turns fragmented archives into a navigable, performable system. You don't search the archive by date or keyword; you drift through it by association, following the emotional logic of connection rather than the administrative logic of filing.",code|systems|sound,Creative Coding|Graph Systems|Memory Architecture,space-time-tuning-machine|meaning-stack|resonance-atlas,Keep current image — strong visual of the navigation system.
122,mobius-engine,MÖBIUS ENGINE,,keep,2025,archive,mobius-engine-logic-prototype.jpg,images/atlas/mobius-engine-binary-data-topology.webp,"Logic and code prototype — a computational system that has no inside or outside, where input and output occupy the same surface. A thought experiment about feedback, recursion, and the systems that contain themselves.",code,Creative Coding|Logic|Prototype,meaning-stack,"Image: a visualization of the Möbius topology in code — a rendered surface, or a diagram of the recursive logic."
123,resonance-atlas,RESONANCE ATLAS,,keep,2024,archive,resonance-atlas-spatial-sound-map.jpg,images/atlas/resonance-atlas-spatial-sound-map.webp,"Spatial sound map — the atlas that names the broader field that several projects are already operating within. Sound positioned in geographic and emotional space, the connections between tracks made navigable. The research archive as a terrain you can walk through.",systems|sound|text,Spatial Audio|Data Visualization|Sound Mapping,derive|427-ai-tracks-archive,Replace current image (portfolio-tracks) with a spatial map visualization — geographic or emotional terrain with sound nodes marked.
124,ghost-city,GHOST CITY,,keep,2020,archive,ghost-city-beirut-data-sculpture.jpg,images/atlas/cartography-of-absence-data-void-absence-index.webp,"Data-driven visual piece — Beirut rendered in negative space, the city as an absence defined by the data of what was there. A ghost city: the data that survives after the physical city is damaged, destroyed, or inaccessible.",image|code,Data Visualization|Generative Art|Urban Data,post-apocalyptic-walking-tour|cartography-of-absence,"Image: the data visualization — Beirut in negative space, the ghost of the city visible in the data patterns."
125,beau-and-griffin,BEAU & GRIFFIN,,keep,2024,archive,beau-and-griffin-cats-dachshund.jpg,,"Personal documentation — Beau (cat) and Griffin (dachshund), recurring presences in the creative work and daily life. The non-human companions who appear in the autofiction, the apartment, and the background of every working photograph. Not a project exactly, but a node in the constellation that anchors everything else in the ordinary.",image,Personal Documentation|Daily Life,sometimes-i-wake-up-elsewhere,"Image: a photograph of Beau and Griffin together — warm, intimate, domestic."
126,nebucat,NEBUCAT,,keep,2020,archive,nebucat-conceptual-avatar.jpg,images/atlas/sparrowos-pixel-eye-icon.webp,"Conceptual avatar and character — a cat rendered as nebula, or a nebula that is recognizably a cat. An early experiment in character design at the intersection of the personal (Beau) and the astronomical (the constellation system of the portfolio itself).",text,Character Design|Concept Art|Avatar,beau-and-griffin,"Image: the Nebucat illustration or render — nebular, feline, conceptual."
127,non-linear-time,NON-LINEAR TIME,,keep,2025,archive,non-linear-time-visual-experiment.jpg,images/atlas/navigating-latency-temporal-routing.webp,Visual and logic experiment — time rendered as a spatial problem rather than a sequential one. Moments positioned by emotional proximity rather than chronological order. The technical argument for how the DERIVE system and the autofiction manuscripts handle time.,code|image,Creative Coding|Temporal Visualization,derive|sometimes-i-wake-up-elsewhere,"Image: a visualization of non-linear time — moments as nodes in a spatial arrangement, connections drawn by proximity rather than sequence."
128,the-archive,THE ARCHIVE,,keep,2025,archive,the-archive-meta-documentation.jpg,images/atlas/derive-entropy-reducing-structure-emerging.webp,"Meta-project on documentation — the archive that documents the process of building an archive. A recursive structure: the project that contains notes on how all the other projects were assembled, preserved, and made navigable.",text|code,Documentation|Meta-Archive|Systems,meaning-stack|the-codex-project,"Image: a screenshot of the archive system itself — a database or document structure, the meta-level visible."
129,architecting-the-liminal,ARCHITECTING THE LIMINAL,,keep,2025,archive,architecting-the-liminal-research-paper.jpg,images/atlas/derive-boids-vector-flow-field.webp,"Spatial research paper on liminal spaces — the threshold, the corridor, the space between states. The theoretical text that sits behind MEKENA NYC, the Loop Corridor, and the entire practice of designing for transition rather than arrival.",space|text,Spatial Theory|Research|Academic Writing,mekena-nyc|loop-corridor,"Image: the paper itself, or a diagram of liminal space — the threshold as spatial condition."
130,401-songs-database,401 SONGS DATABASE,,keep,2025,archive,401-songs-database-taxonomy.jpg,images/atlas/localization-gap-batch-processing-yield-terminal.webp,"Technical music archive — 401 AI-assisted tracks organized in a Notion/Excel taxonomy covering emotional arc, arousal, motifs, themes, and valence. The technical complement to the 427 AI Tracks Archive: where that is the research body, this is the production database.",code|sound,Database|Music Archive|Taxonomy,427-ai-tracks-archive|tebr,"Image: a screenshot of the database — the taxonomy structure visible, tracks organized by emotional arc."
131,louvre-abu-dhabi,LOUVRE ABU DHABI,,keep,2008,archive,louvre-abu-dhabi-jean-nouvel-internship.jpg,images/atlas/louvre-abu-dhabi-jean-nouvel-internship.webp,"Internship and architectural research at Ateliers Jean Nouvel, contributing to the Louvre Abu Dhabi project — one of the most significant architectural commissions of the 21st century. The building that applied Islamic geometric principles to a contemporary museum program.",space,Architecture|Jean Nouvel|Internship,aub-architecture-b-arch,"Image: the Louvre Abu Dhabi under construction or completed — Jean Nouvel's latticed dome, light filtering through."
132,colors-baby,COLORS BABY,,keep,2024,archive,colors-baby-ai-music-video.jpg,images/atlas/colors-baby-ai-music-video.webp,"AI-generated music video — a systematic study in AI video generation aesthetics, temporal coherence, and the gap between prompt and image. Produced using Suno, Sora, Kling, Veo, and Minimax. The production experiment that preceded the 1001 Nights Film.",image|code,AI Video|Suno|Sora|Kling|Veo,427-ai-tracks-archive,"Image: a striking still from the Colors Baby video — generative aesthetic, color-forward, AI-visible in the texture."
133,maqamai,MAQAMAI,,keep,2025,archive,maqamai-maqam-tuning-tool.jpg,images/atlas/maqamai-arabic-music-theory-synthesizer.webp,"Maqam tuning and reference tool — filling the human infrastructure gap between recognizing model failure (the Localization Gap) and being able to hear what's missing. MAQAMAI makes Arabic maqam systems audible, navigable, and comparable: a reference instrument for the research.",code|sound|text,Music Theory|Maqam Systems|Web Tool,localization-gap|arabic-pop-1925-2025,"Image: the MAQAMAI interface — maqam scales visualized, tuning reference visible. Clean, musical, technical."
134,house-ii-skin,HOUSE II: SKIN,,keep,2009,archive,house-ii-skin-architectural-model.jpg,images/atlas/house-ii-skin-architectural-model.webp,"Architectural installation and model exploring the skin of a building as its primary medium — the building as body, with a surface that registers touch, weather, and time. An early experiment in the somatic dimension of architectural design.",space,Architectural Installation|Model|Skin|AUB,aub-architecture-b-arch,"Image: the architectural model — the skin surface, material quality, the somatic dimension visible."
135,the-forgery,THE FORGERY,,keep,2024,archive,the-forgery-narrative-code-concept.jpg,images/atlas/mobius-engine-system-flowchart.webp,"Narrative and code concept — a forgery as the most sincere form of document, a copy that reveals more about the original than the original reveals about itself. Interactive fiction about authenticity, attribution, and the institutional life of objects.",text|code,Interactive Fiction|Narrative Design,the-erasure-protocols|cartography-of-absence,"Image: a detail of a forged document — the seam where the forgery becomes visible, the almost-convincing authentication mark."
136,projectarium-ai,PROJECTARIUM AI,,keep,2025,archive,projectarium-ai-project-management.jpg,images/atlas/projectarium-ai-speculative-forms-grid.webp,AI tool for project management — an A&R agent and project tracker built on the premise that creative project management requires different logic than production management. Not deadlines and deliverables but emotional arcs and conceptual dependencies.,code,AI Tools|Project Management|Creative Workflow,meaning-stack,Image: a screenshot of the Projectarium interface — project cards with emotional arc and conceptual dependency fields visible.
137,bint-jbeil-rehab,BINT JBEIL REHABILITATION,,keep,2007,archive,bint-jbeil-heritage-reconstruction.jpg,,"Heritage reconstruction project in Bint Jbeil, South Lebanon — one of the towns most heavily damaged in the 2006 war. Architectural research and planning for the rehabilitation of heritage structures, conducted during undergraduate studies at AUB.",space,Heritage Architecture|Reconstruction|AUB,aub-architecture-b-arch|2006-reconstruction,"Image: a photograph of Bint Jbeil's heritage architecture, pre or post reconstruction — the town, the traditional building fabric."
138,beirut-river-project,BEIRUT RIVER PROJECT,,keep,2009,archive,beirut-river-urban-revitalization.jpg,images/atlas/beirut-sonic-map-audio-cartography.webp,"Urban revitalization design for the Beirut River — the neglected waterway that runs through the city as a concrete channel, historically and ecologically severed from the urban life around it. An AUB thesis project proposing a reintegration of the river into the city's spatial and ecological fabric.",space,Urban Design|Landscape|AUB,aub-architecture-b-arch|2006-reconstruction,"Image: a site map or rendering of the Beirut River project — the river visible, the urban fabric around it."
139,opera-house-design,OPERA HOUSE DESIGN,,keep,2008,archive,opera-house-design-aub-project.jpg,images/atlas/opera-house-design-aub-project.webp,Large-scale architectural design for an opera house — an AUB undergraduate project grappling with the program of cultural infrastructure in a city without one. The first experiment in designing for a public that doesn't yet have the space to become a public.,space,Architecture|Cultural Infrastructure|AUB,aub-architecture-b-arch|museum-of-architecture,"Image: the architectural design — a rendering or model of the opera house, the spatial ambition of the program visible."
140,barbican-release,BARBICAN RELEASE,,keep,2015,archive,barbican-release-london-performance.jpg,images/atlas/barbican-release-london-performance.webp,"Major performance event in London at the Barbican Centre — the release concert for Ibn El Leil, Mashrou' Leila's most internationally legible album, in one of the world's most significant arts institutions. The band at its most European-facing.",sound,Live Performance|Album Release|London,ibn-el-leil-album|the-bartlett-m-arch,"Image: a performance still from the Barbican — the hall, the stage, the audience, the scale."
141,cannes-private-party,CANNES PRIVATE PARTY,,keep,2014,archive,cannes-private-party-film-festival.jpg,,"Private performance at the Cannes Film Festival — Mashrou' Leila at the intersection of Arabic cultural production and the global film industry, performing for an audience already predisposed to the idea of Arab artistic expression.",sound,Private Performance|Film Festival|Cultural Diplomacy,mashrou-leila,"Image: a Cannes performance still or the festival context — the Palais, the Mediterranean light, the band."
142,festival-transart,FESTIVAL TRANSART,,keep,2016,archive,festival-transart-bolzano-performance.jpg,,"Performance at Festival Transart in Bolzano, Italy — a festival at the intersection of music, performance, and visual art, in a South Tyrolean city at the crossroads of Italian and German culture. Mashrou' Leila in a context defined by its own questions about identity and belonging.",sound,Live Performance|Festival|Cross-Cultural,mashrou-leila,"Image: a performance still from Bolzano — the Alpine context, the festival scale."
143,cairo-music-park,CAIRO MUSIC PARK,,keep,2017,archive,cairo-music-park-egypt-performance.jpg,,"Performance in Egypt at the Cairo Music Park — one of the band's rare performances in the Arab world's most populous country, at a moment when Egypt was both a major audience and a source of significant political risk.",sound,Live Performance|Egypt|Political Context,mashrou-leila,"Image: a performance still from Cairo — the Egyptian crowd, the scale, the political weight of the geography."
144,shim-el-yasmeen,SHIM EL YASMEEN,,keep,2009,archive,shim-el-yasmeen-foundation-song.jpg,images/atlas/shim-el-yasmeen-foundation-song.webp,"Foundation song and the beginning — Shim El Yasmeen (Smell the Jasmine) was the first song that defined what Mashrou' Leila could be: Arabic-language, queer-inflected, melodically immediate. The song before the band was a band.",sound,Song|Early Mashrou|Foundation Work,mashrou-leila|el-hal-romancy,Image: an early performance still or the self-titled EP cover — the rawness of the beginning.
145,absolut-transform,ABSOLUT TRANSFORM,,keep,2015,archive,absolut-transform-brand-collaboration.jpg,,Brand and music collaboration with Absolut Vodka's Transform Today campaign — Mashrou' Leila as one of the global artists selected for the initiative. An early instance of the band's cultural reach being leveraged by international brands.,systems|sound,Brand Collaboration|Music|Campaign,mashrou-leila,"Image: the campaign visual — Absolut aesthetic, the band's image in the campaign context."
146,walaw-manifesto,WALAW MANIFESTO,,keep,2021,archive,walaw-manifesto-origin-text.jpg,images/atlas/99-nodes-project-grid-overview-all.webp,"The origin text of Walaw Studio — the manifesto written in 2021 that named the practice and defined its terms. The و (waw) of Walaw: the Arabic letter that reads simultaneously as waveform, heartbeat spike, and hook. The document that made the studio possible by making it legible.",text,Manifesto|Studio Identity|Foundational Text,fictive-environments|systems-choreography,"Image: the Walaw Studio logo (و) large on black, or the first page of the manifesto — the name and the signal together."
147,the-beirut-school-album,THE BEIRUT SCHOOL (ALBUM),,keep,2019,archive,the-beirut-school-album-cover.jpg,images/atlas/the-beirut-school-album-cover.webp,"The final anthology album — The Beirut School as a cultural document of a specific moment in Beirut's artistic life, assembled as the city was already beginning its long descent into crisis. The album that named a practice and closed a chapter.",sound,Album|Anthology|Cultural Document,the-beirut-school|mashrou-leila,Image: the album cover — the visual identity of the Beirut School as a concept.
